bgt_name,polygon,x_min,y_max,x_max,y_min
parkeervlak,"[[114784.306, 485009.059], [114706.844, 484984.094], [114706.9028975, 484984.1174107], [114706.9594824, 484984.1459611], [114707.0133073, 484984.1794253], [114707.0639467, 484984.2175387], [114707.111, 484984.26], [114707.1554891, 484984.3081225], [114707.1953699, 484984.360128], [114707.2303053, 484984.4155767], [114707.26, 484984.474], [114708.135, 484986.291], [114708.1525869, 484986.3396759], [114708.1741411, 484986.3867298], [114708.1995149, 484986.4318387], [114708.2285342, 484986.4746934], [114708.261, 484986.515], [114708.2973826, 484986.5531509], [114708.3368511, 484986.5880997], [114708.3791247, 484986.6195977], [114708.4239026, 484986.6474209], [114708.4708661, 484986.6713711], [114708.519681, 484986.691278], [114708.57, 484986.707], [114751.423, 485000.468], [114783.217, 485010.691], [114783.637, 485009.402], [114783.6584712, 485009.3556124], [114783.6839554, 485009.3113023], [114783.7132535, 485009.2694162], [114783.7461364, 485009.2302813], [114783.7823472, 485009.1942035], [114783.8216028, 485009.1614648], [114783.8635965, 485009.132321], [114783.908, 485009.107], [114783.9545036, 485009.0856845], [114784.0027093, 485009.0685627], [114784.0522396, 485009.0557688], [114784.1027069, 485009.0474029], [114784.1537161, 485009.0435305], [114784.204868, 485009.0441818], [114784.2557621, 485009.0493518], [114784.306, 485009.059]]",114706.844,485010.691,114784.306,484984.094
fietspad,"[[114731.241, 484998.237], [114780.316, 485014.028], [114787.004, 485016.18], [114786.202, 485013.446], [114736.427, 484997.441], [114731.962, 484996.002], [114731.241, 484998.237]]",114731.241,485016.18,114787.004,484996.002
